{
  "GET specific Activity" : {
    "transaction" : "GET specific Activity",
    "sampleCount" : 304,
    "errorCount" : 0,
    "errorPct" : 0.0,
    "meanResTime" : 136.57894736842096,
    "medianResTime" : 119.0,
    "minResTime" : 110.0,
    "maxResTime" : 616.0,
    "pct1ResTime" : 161.0,
    "pct2ResTime" : 191.5,
    "pct3ResTime" : 491.5999999999999,
    "throughput" : 5.061352246807519,
    "receivedKBytesPerSec" : 1.7440996849141734,
    "sentKBytesPerSec" : 1.0860666612556815
  },
  "DELETE specific Activity" : {
    "transaction" : "DELETE specific Activity",
    "sampleCount" : 302,
    "errorCount" : 0,
    "errorPct" : 0.0,
    "meanResTime" : 142.33774834437094,
    "medianResTime" : 119.0,
    "minResTime" : 110.0,
    "maxResTime" : 544.0,
    "pct1ResTime" : 171.0,
    "pct2ResTime" : 242.79999999999973,
    "pct3ResTime" : 492.91999999999894,
    "throughput" : 5.106613233230187,
    "receivedKBytesPerSec" : 1.0522415939566105,
    "sentKBytesPerSec" : 1.2054822642418708
  },
  "Total" : {
    "transaction" : "Total",
    "sampleCount" : 1210,
    "errorCount" : 0,
    "errorPct" : 0.0,
    "meanResTime" : 140.0247933884295,
    "medianResTime" : 120.0,
    "minResTime" : 110.0,
    "maxResTime" : 616.0,
    "pct1ResTime" : 170.0,
    "pct2ResTime" : 210.9000000000001,
    "pct3ResTime" : 456.0200000000018,
    "throughput" : 20.145513877095716,
    "receivedKBytesPerSec" : 6.046905957078401,
    "sentKBytesPerSec" : 5.184887898956096
  },
  "POST Activity" : {
    "transaction" : "POST Activity",
    "sampleCount" : 302,
    "errorCount" : 0,
    "errorPct" : 0.0,
    "meanResTime" : 140.71523178807945,
    "medianResTime" : 121.0,
    "minResTime" : 111.0,
    "maxResTime" : 495.0,
    "pct1ResTime" : 173.7,
    "pct2ResTime" : 220.0999999999998,
    "pct3ResTime" : 436.42999999999944,
    "throughput" : 5.103592794132558,
    "receivedKBytesPerSec" : 1.6579151105215129,
    "sentKBytesPerSec" : 1.47350794901477
  },
  "PUT specific Activity" : {
    "transaction" : "PUT specific Activity",
    "sampleCount" : 302,
    "errorCount" : 0,
    "errorPct" : 0.0,
    "meanResTime" : 140.49006622516558,
    "medianResTime" : 121.0,
    "minResTime" : 111.0,
    "maxResTime" : 546.0,
    "pct1ResTime" : 177.09999999999997,
    "pct2ResTime" : 226.0,
    "pct3ResTime" : 463.5899999999986,
    "throughput" : 5.104369137158793,
    "receivedKBytesPerSec" : 1.6581673075297896,
    "sentKBytesPerSec" : 1.4823480943125158
  }
}