{
  "GET specific Activity" : {
    "transaction" : "GET specific Activity",
    "sampleCount" : 668,
    "errorCount" : 0,
    "errorPct" : 0.0,
    "meanResTime" : 48.065868263473,
    "medianResTime" : 43.0,
    "minResTime" : 36.0,
    "maxResTime" : 370.0,
    "pct1ResTime" : 60.10000000000002,
    "pct2ResTime" : 73.54999999999995,
    "pct3ResTime" : 128.92999999999438,
    "throughput" : 11.17168946717062,
    "receivedKBytesPerSec" : 3.8492182535036963,
    "sentKBytesPerSec" : 2.4731558820701074
  },
  "DELETE specific Activity" : {
    "transaction" : "DELETE specific Activity",
    "sampleCount" : 666,
    "errorCount" : 0,
    "errorPct" : 0.0,
    "meanResTime" : 46.20270270270273,
    "medianResTime" : 42.0,
    "minResTime" : 36.0,
    "maxResTime" : 122.0,
    "pct1ResTime" : 60.0,
    "pct2ResTime" : 69.0,
    "pct3ResTime" : 86.0,
    "throughput" : 11.261984882560833,
    "receivedKBytesPerSec" : 2.3205847756057967,
    "sentKBytesPerSec" : 2.7350916885790624
  },
  "Total" : {
    "transaction" : "Total",
    "sampleCount" : 2666,
    "errorCount" : 0,
    "errorPct" : 0.0,
    "meanResTime" : 47.61252813203299,
    "medianResTime" : 43.0,
    "minResTime" : 36.0,
    "maxResTime" : 370.0,
    "pct1ResTime" : 61.0,
    "pct2ResTime" : 72.0,
    "pct3ResTime" : 93.0,
    "throughput" : 44.57448587192777,
    "receivedKBytesPerSec" : 13.398287284734993,
    "sentKBytesPerSec" : 11.798347762706905
  },
  "POST Activity" : {
    "transaction" : "POST Activity",
    "sampleCount" : 666,
    "errorCount" : 0,
    "errorPct" : 0.0,
    "meanResTime" : 47.97447447447451,
    "medianResTime" : 43.0,
    "minResTime" : 37.0,
    "maxResTime" : 261.0,
    "pct1ResTime" : 61.30000000000007,
    "pct2ResTime" : 71.0,
    "pct3ResTime" : 91.33000000000004,
    "throughput" : 11.227809902726031,
    "receivedKBytesPerSec" : 3.6579647013082255,
    "sentKBytesPerSec" : 3.3290249580642985
  },
  "PUT specific Activity" : {
    "transaction" : "PUT specific Activity",
    "sampleCount" : 666,
    "errorCount" : 0,
    "errorPct" : 0.0,
    "meanResTime" : 48.20570570570569,
    "medianResTime" : 43.0,
    "minResTime" : 36.0,
    "maxResTime" : 252.0,
    "pct1ResTime" : 60.30000000000007,
    "pct2ResTime" : 76.64999999999998,
    "pct3ResTime" : 103.30000000000041,
    "throughput" : 11.267891584610698,
    "receivedKBytesPerSec" : 3.671023114193144,
    "sentKBytesPerSec" : 3.3594966035597063
  }
}